Время найдено	№ блока	трудность	Область	Усилие	Вознаграждение за блок	Вознаграждение	Статус
09.02.2021, 03:33:37	7703281	340512365357	eu-de	12%	1.971258 CFX	1.953517 CFX ()	
09.02.2021, 03:33:21	7703262	340512365357	eu-de	106%	1.975858 CFX	1.958076 CFX ()	
09.02.2021, 03:29:10	7702959	340512365357	eu-de	197%	1.920063 CFX	1.902783 CFX ()	
09.02.2021, 03:22:43	7702493	340512365357	eu-de	47%	1.884858 CFX	1.867895 CFX ()	
09.02.2021, 03:21:00	7702367	340512365357	eu-de	35%	1.935260 CFX	1.917843 CFX ()	
09.02.2021, 03:19:57	7702288	340512365357	eu-de	97%	1.987263 CFX	1.969378 CFX ()	
09.02.2021, 03:17:05	7702089	340512365357	eu-de	164%	1.948859 CFX	1.931319 CFX ()	
09.02.2021, 03:11:08	7701651	340512365357	eu-de	241%	1.942266 CFX	1.924786 CFX ()	
09.02.2021, 03:05:03	7701198	340512365357	eu-de	35%	1.983861 CFX	1.966007 CFX ()	
09.02.2021, 03:03:54	7701110	340512365357	eu-de	5.9%	1.955058 CFX	1.937463 CFX ()	
09.02.2021, 03:03:46	7701103	340512365357	eu-de	35%	1.955058 CFX	1.937463 CFX ()	
09.02.2021, 03:02:08	7700983	340512365357	eu-de	23%	1.975858 CFX	1.958075 CFX ()	
09.02.2021, 03:01:47	7700956	340512365357	eu-de	126%	1.983858 CFX	1.966003 CFX ()	
09.02.2021, 02:59:05	7700753	340512365357	eu-de	73%	1.987264 CFX	1.969379 CFX ()	
09.02.2021, 02:57:32	7700635	340512365357	eu-de	226%	1.983858 CFX	1.966003 CFX ()	
09.02.2021, 02:51:58	7700257	340512365357	eu-de	59%	1.983860 CFX	1.966005 CFX ()	
09.02.2021, 02:50:36	7700195	340512365357	eu-de	329%	1.998260 CFX	1.980276 CFX ()	
09.02.2021, 02:38:37	7699715	600255716418	eu-de	5%	1.983859 CFX	1.966005 CFX ()	
09.02.2021, 02:38:29	7699709	600255716418	eu-de	75%	1.992858 CFX	1.974922 CFX ()	
09.02.2021, 02:32:15	7699497	600255716418	eu-de	108%	1.995058 CFX	1.977103 CFX ()	
09.02.2021, 02:20:53	7699080	600255716418	eu-de	3.3%	1.996858 CFX	1.978886 CFX ()	
09.02.2021, 02:20:51	7699079	600255716418	eu-de	1.7%	1.998258 CFX	1.980274 CFX ()	
09.02.2021, 02:20:37	7699070	600255716418	eu-de	78%	1.990258 CFX	1.972346 CFX ()	
09.02.2021, 02:16:20	7698915	600255716418	eu-de	22%	1.987260 CFX	1.969375 CFX ()	
09.02.2021, 02:13:46	7698824	600255716418	eu-de	63%	1.995059 CFX	1.977104 CFX ()	
09.02.2021, 02:07:37	7698604	600255716418	eu-de	48%	1.995058 CFX	1.977103 CFX ()	
09.02.2021, 02:01:22	7698377	600255716418	eu-de	120%	1.990259 CFX	1.972346 CFX ()	
09.02.2021, 01:46:22	7697856	600255716418	eu-de	20%	1.996860 CFX	1.978888 CFX ()	
09.02.2021, 01:42:55	7697729	600255716418	eu-de	65%	1.980058 CFX	1.962238 CFX ()	
09.02.2021, 01:32:52	7697378	600255716418	eu-de	63%	1.998260 CFX	1.980276 CFX ()	
09.02.2021, 01:29:42	7697272	600255716418	us-ca	193%	1.987260 CFX	1.969374 CFX ()	
09.02.2021, 01:20:49	7696979	600255716418	us-ca	57%	1.990260 CFX	1.972347 CFX ()	
09.02.2021, 01:19:06	7696917	600255716418	eu-de	255%	1.990259 CFX	1.972347 CFX ()	
09.02.2021, 01:08:43	7696547	600255716418	us-ca	23%	1.992860 CFX	1.974924 CFX ()	
09.02.2021, 01:07:44	7696510	600255716418	us-ca	25%	1.995059 CFX	1.977104 CFX ()	
09.02.2021, 01:07:01	7696484	600255716418	us-ca	28%	1.990259 CFX	1.972347 CFX ()	
09.02.2021, 01:05:36	7696425	600255716418	us-ca	327%	1.995061 CFX	1.977106 CFX ()	
09.02.2021, 00:51:57	7695923	600255716418	us-ca	92%	1.980058 CFX	1.962237 CFX ()	
09.02.2021, 00:49:16	7695831	600255716418	eu-de	3.3%	1.987258 CFX	1.969373 CFX ()	
09.02.2021, 00:49:07	7695825	600255716418	eu-de	63%	1.992858 CFX	1.974922 CFX ()	
09.02.2021, 00:45:24	7695705	600255716418	eu-de	242%	1.996860 CFX	1.978888 CFX ()	
09.02.2021, 00:38:25	7695466	600255716418	us-ca	53%	1.987259 CFX	1.969374 CFX ()	
09.02.2021, 00:36:40	7695403	600255716418	us-ca	48%	1.990258 CFX	1.972346 CFX ()	
09.02.2021, 00:34:00	7695303	600255716418	eu-de	105%	1.992860 CFX	1.974924 CFX ()	
09.02.2021, 00:30:18	7695147	600255716418	eu-de	12%	1.980058 CFX	1.962238 CFX ()	
09.02.2021, 00:29:58	7695127	600255716418	us-ca	13%	1.983858 CFX	1.966003 CFX ()	
09.02.2021, 00:29:30	7695104	600255716418	eu-de	13%	1.990258 CFX	1.972346 CFX ()	
09.02.2021, 00:29:16	7695089	600255716418	us-ca	192%	1.966262 CFX	1.948566 CFX ()	
09.02.2021, 00:24:28	7694777	400170477612	us-ca	32%	1.960858 CFX	1.943210 CFX ()	
09.02.2021, 00:23:49	7694726	400170477612	eu-de	25%	1.983862 CFX	1.966007 CFX ()	
09.02.2021, 00:23:19	7694693	400170477612	eu-de	77%	1.992858 CFX	1.974922 CFX ()	
09.02.2021, 00:21:42	7694593	400170477612	us-ca	297%	1.966260 CFX	1.948564 CFX ()	
09.02.2021, 00:16:46	7694238	400170477612	eu-de	22%	1.971258 CFX	1.953517 CFX ()	
09.02.2021, 00:16:20	7694209	400170477612	eu-de	20%	1.983858 CFX	1.966004 CFX ()	
09.02.2021, 00:15:48	7694175	400170477612	eu-de	290%	1.992861 CFX	1.974925 CFX ()	
09.02.2021, 00:10:39	7693805	400170477612	eu-de	27%	1.987258 CFX	1.969373 CFX ()	
09.02.2021, 00:10:19	7693776	400170477612	us-ca	155%	1.966261 CFX	1.948565 CFX ()	
09.02.2021, 00:07:32	7693583	400170477612	eu-de	22%	1.983858 CFX	1.966003 CFX ()	
09.02.2021, 00:07:08	7693556	400170477612	eu-de	20%	1.975858 CFX	1.958075 CFX ()	
09.02.2021, 00:06:52	7693538	400170477612	us-ca	102%	1.955058 CFX	1.937462 CFX ()	
09.02.2021, 00:04:48	7693380	400170477612	us-ca	472%	1.975860 CFX	1.958077 CFX ()	
08.02.2021, 23:55:54	7692756	400170477612	us-ca	12%	1.955060 CFX	1.937464 CFX ()	
08.02.2021, 23:55:52	7692754	400170477612	eu-de	347%	1.955058 CFX	1.937463 CFX ()	
08.02.2021, 23:49:26	7692286	400170477612	eu-de	42%	1.927858 CFX	1.910507 CFX ()	
08.02.2021, 23:48:45	7692242	400170477612	eu-de	205%	1.920059 CFX	1.902779 CFX ()	
08.02.2021, 23:43:58	7691884	400170477612	us-ca	22%	1.960858 CFX	1.943210 CFX ()	
08.02.2021, 23:43:44	7691870	400170477612	us-ca	205%	1.955058 CFX	1.937463 CFX ()	
08.02.2021, 23:40:28	7691628	400170477612	us-ca	62%	1.960858 CFX	1.943210 CFX ()	
08.02.2021, 23:39:35	7691570	400170477612	eu-de	2.5%	1.996858 CFX	1.978886 CFX ()	
08.02.2021, 23:39:31	7691564	400170477612	eu-de	102%	1.987258 CFX	1.969373 CFX ()	
08.02.2021, 23:37:54	7691457	400170477612	us-ca	15%	1.948857 CFX	1.931318 CFX ()	
08.02.2021, 23:37:32	7691433	400170477612	eu-de	230%	1.955058 CFX	1.937462 CFX ()	
08.02.2021, 23:33:56	7691191	400170477612	us-ca	12%	1.942258 CFX	1.924777 CFX ()	
08.02.2021, 23:33:46	7691175	400170477612	eu-de	165%	1.980058 CFX	1.962237 CFX ()	
08.02.2021, 23:30:36	7690948	400170477612	eu-de	102%	1.971258 CFX	1.953517 CFX ()	
08.02.2021, 23:29:25	7690874	400170477612	eu-de	50%	1.975858 CFX	1.958075 CFX ()	
08.02.2021, 23:28:35	7690818	400170477612	eu-de	12%	1.975858 CFX	1.958075 CFX ()	
08.02.2021, 23:28:27	7690806	400170477612	us-ca	20%	1.983858 CFX	1.966003 CFX ()	
08.02.2021, 23:28:14	7690791	400170477612	us-ca	32%	1.960858 CFX	1.943210 CFX ()	
08.02.2021, 23:27:29	7690751	400170477612	eu-de	112%	1.975858 CFX	1.958075 CFX ()	
08.02.2021, 23:26:01	7690656	400170477612	eu-de	67%	1.960858 CFX	1.943210 CFX ()	
08.02.2021, 23:24:52	7690578	400170477612	us-ca	62%	1.990258 CFX	1.972346 CFX ()	
08.02.2021, 23:23:34	7690492	400170477612	eu-de	80%	1.960858 CFX	1.943210 CFX ()	
08.02.2021, 23:22:08	7690402	400170477612	us-ca	317%	1.995058 CFX	1.977103 CFX ()	
08.02.2021, 23:17:06	7690126	400170477612	us-ca	12%	1.995058 CFX	1.977102 CFX ()	
08.02.2021, 23:16:56	7690120	400170477612	eu-de	12%	1.980060 CFX	1.962239 CFX ()	
08.02.2021, 23:16:49	7690115	400170477612	us-ca	165%	1.992858 CFX	1.974923 CFX ()	
08.02.2021, 23:13:29	7689948	541970616315	eu-de	26%	1.995058 CFX	1.977103 CFX ()	
08.02.2021, 23:12:44	7689913	541970616315	eu-de	260%	1.960858 CFX	1.943210 CFX ()	
08.02.2021, 23:07:02	7689666	541970616315	eu-de	18%	1.992858 CFX	1.974923 CFX ()	
08.02.2021, 23:06:33	7689645	541970616315	us-ca	33%	1.987258 CFX	1.969373 CFX ()	
08.02.2021, 23:05:54	7689613	541970616315	us-ca	9.2%	1.998258 CFX	1.980274 CFX ()	
08.02.2021, 23:05:26	7689588	541970616315	eu-de	105%	1.992860 CFX	1.974924 CFX ()	
08.02.2021, 23:02:48	7689473	541970616315	eu-de	11%	1.995058 CFX	1.977103 CFX ()	
08.02.2021, 23:02:16	7689450	541970616315	us-ca	144%	1.995058 CFX	1.977103 CFX ()	
08.02.2021, 22:57:46	7689273	541970616315	eu-de	42%	1.992858 CFX	1.974922 CFX ()	
08.02.2021, 22:56:32	7689213	541970616315	eu-de	61%	1.995058 CFX	1.977103 CFX ()	
08.02.2021, 22:55:06	7689153	541970616315	us-ca	148%	1.983859 CFX	1.966004 CFX ()	
08.02.2021, 22:51:00	7688992	541970616315	us-ca	35%	1.995058 CFX	1.977103 CFX ()	
08.02.2021, 22:50:28	7688969	541970616315	eu-de	135%	1.995062 CFX	1.977107 CFX ()	
08.02.2021, 22:46:43	7688812	541970616315	us-ca	54%	1.983860 CFX	1.966005 CFX ()	
08.02.2021, 22:45:49	7688770	541970616315	us-ca	336%	1.980058 CFX	1.962237 CFX ()	
08.02.2021, 22:37:25	7688374	541970616315	us-ca	41%	1.983858 CFX	1.966003 CFX ()	
08.02.2021, 22:36:45	7688346	541970616315	eu-de	30%	1.987258 CFX	1.969373 CFX ()	
08.02.2021, 22:36:09	7688318	541970616315	eu-de	35%	1.983858 CFX	1.966003 CFX ()	
08.02.2021, 22:35:27	7688281	541970616315	us-ca	22%	1.960857 CFX	1.943210 CFX ()	
08.02.2021, 22:34:58	7688259	541970616315	us-ca	380%	1.992858 CFX	1.974923 CFX ()	
08.02.2021, 22:25:37	7687822	541970616315	us-ca	65%	1.980060 CFX	1.962239 CFX ()	
08.02.2021, 22:24:27	7687769	541970616315	us-ca	459%	1.987259 CFX	1.969374 CFX ()	
08.02.2021, 22:13:58	7687295	541970616315	us-ca	3.7%	1.983858 CFX	1.966003 CFX ()	
08.02.2021, 22:13:42	7687284	541970616315	us-ca	41%	1.987258 CFX	1.969373 CFX ()	
08.02.2021, 22:12:37	7687232	541970616315	eu-de	244%	1.990258 CFX	1.972346 CFX ()	
08.02.2021, 22:05:54	7686934	541970616315	eu-de	85%	1.980058 CFX	1.962237 CFX ()	
08.02.2021, 22:03:58	7686841	541970616315	us-ca	103%	1.990258 CFX	1.972346 CFX ()	
08.02.2021, 22:01:51	7686762	541970616315	eu-de	146%	1.998258 CFX	1.980274 CFX ()	
08.02.2021, 21:57:43	7686593	541970616315	eu-de	90%	1.990259 CFX	1.972347 CFX ()	
08.02.2021, 21:55:26	7686506	541970616315	us-ca	35%	1.975859 CFX	1.958076 CFX ()	
08.02.2021, 21:54:43	7686466	541970616315	eu-de	107%	1.996860 CFX	1.978888 CFX ()	
08.02.2021, 21:52:26	7686380	541970616315	eu-de	30%	1.990260 CFX	1.972347 CFX ()	
08.02.2021, 21:51:33	7686346	541970616315	eu-de	247%	1.990260 CFX	1.972347 CFX ()	
08.02.2021, 21:45:09	7686092	541970616315	eu-de	3.7%	1.999258 CFX	1.981265 CFX ()	
08.02.2021, 21:45:07	7686090	541970616315	eu-de	26%	1.995059 CFX	1.977104 CFX ()	
08.02.2021, 21:44:10	7686048	541970616315	us-ca	323%	1.995060 CFX	1.977104 CFX ()	
08.02.2021, 21:34:27	7685674	541970616315	us-ca	245%	1.983858 CFX	1.966003 CFX ()	
08.02.2021, 21:24:14	7685251	541970616315	us-ca	18%	1.995058 CFX	1.977103 CFX ()	
08.02.2021, 21:23:42	7685229	541970616315	us-ca	282%	1.971258 CFX	1.953516 CFX ()	
08.02.2021, 21:17:42	7684832	361313744210	us-ca	133%	1.955058 CFX	1.937463 CFX ()	
08.02.2021, 21:14:58	7684651	361313744210	us-ca	125%	1.843257 CFX	1.826668 CFX ()	
08.02.2021, 21:12:36	7684483	361313744210	eu-de	28%	1.927858 CFX	1.910507 CFX ()	
08.02.2021, 21:12:13	7684454	361313744210	eu-de	28%	1.987259 CFX	1.969374 CFX ()	
08.02.2021, 21:11:49	7684422	361313744210	us-ca	116%	1.831856 CFX	1.815370 CFX ()	
08.02.2021, 21:10:13	7684301	361313744210	eu-de	42%	1.980062 CFX	1.962241 CFX ()	
08.02.2021, 21:09:42	7684264	361313744210	us-ca	244%	1.942261 CFX	1.924781 CFX ()	
08.02.2021, 21:06:18	7684011	361313744210	us-ca	5.5%	1.966258 CFX	1.948562 CFX ()	
08.02.2021, 21:06:12	7684003	361313744210	eu-de	30%	1.966258 CFX	1.948562 CFX ()	
08.02.2021, 21:05:45	7683967	361313744210	us-ca	33%	1.942258 CFX	1.924777 CFX ()	
08.02.2021, 21:05:28	7683945	361313744210	us-ca	11%	1.960858 CFX	1.943210 CFX ()	
08.02.2021, 21:05:13	7683925	361313744210	us-ca	11%	1.971258 CFX	1.953516 CFX ()	
08.02.2021, 21:05:10	7683923	361313744210	eu-de	102%	1.980062 CFX	1.962242 CFX ()	
08.02.2021, 21:03:44	7683818	361313744210	eu-de	122%	1.966259 CFX	1.948562 CFX ()	
08.02.2021, 21:01:44	7683674	361313744210	eu-de	25%	1.990258 CFX	1.972346 CFX ()	
08.02.2021, 21:01:34	7683660	361313744210	eu-de	127%	1.920062 CFX	1.902782 CFX ()	
08.02.2021, 20:59:46	7683525	361313744210	us-ca	55%	1.935258 CFX	1.917841 CFX ()	
08.02.2021, 20:59:08	7683473	361313744210	us-ca	86%	1.966258 CFX	1.948561 CFX ()	
08.02.2021, 20:57:59	7683387	361313744210	eu-de	64%	1.966258 CFX	1.948562 CFX ()	
08.02.2021, 20:56:55	7683318	361313744210	us-ca	5.5%	1.875061 CFX	1.858185 CFX ()	
08.02.2021, 20:56:49	7683312	361313744210	eu-de	53%	1.983860 CFX	1.966005 CFX ()	
08.02.2021, 20:56:11	7683264	361313744210	eu-de	39%	1.990259 CFX	1.972346 CFX ()	
08.02.2021, 20:55:31	7683219	361313744210	us-ca	172%	1.927858 CFX	1.910507 CFX ()	
08.02.2021, 20:52:08	7682961	361313744210	us-ca	133%	1.843263 CFX	1.826674 CFX ()	
08.02.2021, 20:49:40	7682793	361313744210	us-ca	102%	1.854265 CFX	1.837577 CFX ()	
08.02.2021, 20:48:04	7682672	361313744210	us-ca	17%	1.920064 CFX	1.902783 CFX ()	
08.02.2021, 20:47:42	7682643	361313744210	eu-de	42%	1.990259 CFX	1.972347 CFX ()	
08.02.2021, 20:46:52	7682577	361313744210	eu-de	72%	1.983859 CFX	1.966004 CFX ()	
08.02.2021, 20:45:59	7682512	361313744210	us-ca	69%	1.975862 CFX	1.958079 CFX ()	
08.02.2021, 20:45:02	7682438	361313744210	eu-de	255%	1.927861 CFX	1.910510 CFX ()	
08.02.2021, 20:41:32	7682171	361313744210	us-ca	188%	1.948858 CFX	1.931318 CFX ()	
08.02.2021, 20:38:14	7681922	361313744210	eu-de	22%	1.975858 CFX	1.958075 CFX ()	
08.02.2021, 20:37:48	7681886	361313744210	us-ca	122%	1.966258 CFX	1.948561 CFX ()	
08.02.2021, 20:36:10	7681764	361313744210	eu-de	80%	1.966258 CFX	1.948561 CFX ()	
08.02.2021, 20:35:02	7681679	361313744210	eu-de	39%	1.966258 CFX	1.948562 CFX ()	
08.02.2021, 20:34:32	7681639	361313744210	eu-de	42%	1.960858 CFX	1.943210 CFX ()	
08.02.2021, 20:34:05	7681604	361313744210	eu-de	25%	1.995058 CFX	1.977102 CFX ()	
08.02.2021, 20:33:40	7681573	361313744210	eu-de	72%	1.966258 CFX	1.948561 CFX ()	
08.02.2021, 20:32:35	7681499	361313744210	us-ca	5.5%	1.948857 CFX	1.931318 CFX ()	
08.02.2021, 20:32:31	7681493	361313744210	eu-de	19%	1.971258 CFX	1.953517 CFX ()	
08.02.2021, 20:32:24	7681482	361313744210	us-ca	371%	1.960858 CFX	1.943211 CFX ()	
08.02.2021, 20:27:19	7681134	361313744210	us-ca	75%	1.955060 CFX	1.937464 CFX ()	
08.02.2021, 20:26:22	7681079	361313744210	eu-de	5.5%	1.966258 CFX	1.948561 CFX ()	
08.02.2021, 20:26:20	7681077	361313744210	us-ca	454%	1.960858 CFX	1.943210 CFX ()	
08.02.2021, 20:19:02	7680676	361313744210	eu-de	487%	1.980060 CFX	1.962239 CFX ()	
08.02.2021, 20:10:34	7680224	361313744210	us-ca	2.8%	1.948862 CFX	1.931322 CFX ()	
08.02.2021, 20:10:33	7680223	361313744210	us-ca	25%	1.971258 CFX	1.953516 CFX ()	
08.02.2021, 20:10:09	7680207	361313744210	eu-de	19%	1.987470 CFX	1.969583 CFX ()	
08.02.2021, 20:09:47	7680186	361313744210	eu-de	80%	1.996858 CFX	1.978886 CFX ()	
08.02.2021, 20:08:46	7680127	361313744210	us-ca	89%	1.975858 CFX	1.958075 CFX ()	
08.02.2021, 20:07:07	7680032	361313744210	us-ca	221%	1.971258 CFX	1.953516 CFX ()	
08.02.2021, 20:03:40	7679842	347681644866	us-ca	5.8%	1.983858 CFX	1.966003 CFX ()	
08.02.2021, 20:03:33	7679836	347681644866	us-ca	32%	1.983859 CFX	1.966005 CFX ()	
08.02.2021, 20:02:54	7679795	347681644866	eu-de	95%	1.990258 CFX	1.972346 CFX ()	
08.02.2021, 20:00:52	7679678	347681644866	us-ca	161%	1.975858 CFX	1.958075 CFX ()	
08.02.2021, 19:58:45	7679554	347681644866	eu-de	37%	1.975859 CFX	1.958076 CFX ()	
08.02.2021, 19:58:26	7679539	347681644866	eu-de	8.6%	1.971258 CFX	1.953516 CFX ()	
08.02.2021, 19:58:22	7679534	347681644866	eu-de	89%	1.983858 CFX	1.966003 CFX ()	
08.02.2021, 19:56:59	7679457	347681644866	eu-de	46%	1.980058 CFX	1.962237 CFX ()	
08.02.2021, 19:56:25	7679426	347681644866	eu-de	8.6%	1.983858 CFX	1.966003 CFX ()	
08.02.2021, 19:56:16	7679419	347681644866	eu-de	219%	1.980058 CFX	1.962237 CFX ()	
08.02.2021, 19:53:03	7679234	347681644866	us-ca	66%	1.980060 CFX	1.962239 CFX ()	
08.02.2021, 19:51:59	7679177	347681644866	eu-de	29%	1.987258 CFX	1.969373 CFX ()	
08.02.2021, 19:51:39	7679158	347681644866	eu-de	106%	1.966258 CFX	1.948561 CFX ()	
08.02.2021, 19:49:59	7679066	347681644866	us-ca	250%	1.966260 CFX	1.948563 CFX ()	
08.02.2021, 19:45:56	7678840	347681644866	us-ca	23%	1.987260 CFX	1.969375 CFX ()	
08.02.2021, 19:45:43	7678827	347681644866	eu-de	55%	1.987258 CFX	1.969372 CFX ()	
08.02.2021, 19:44:43	7678773	347681644866	eu-de	69%	1.996860 CFX	1.978888 CFX ()	
08.02.2021, 19:43:16	7678689	347681644866	eu-de	63%	1.983861 CFX	1.966006 CFX ()	
08.02.2021, 19:42:10	7678636	347681644866	eu-de	75%	1.966258 CFX	1.948561 CFX ()	
08.02.2021, 19:40:49	7678566	347681644866	us-ca	164%	1.983859 CFX	1.966004 CFX ()	
08.02.2021, 19:38:17	7678440	347681644866	eu-de	89%	1.992858 CFX	1.974922 CFX ()	
08.02.2021, 19:37:06	7678380	347681644866	us-ca	37%	1.971258 CFX	1.953516 CFX ()	
08.02.2021, 19:36:28	7678342	347681644866	us-ca	253%	1.960859 CFX	1.943211 CFX ()	
08.02.2021, 19:33:03	7678142	347681644866	eu-de	144%	1.966260 CFX	1.948563 CFX ()	
08.02.2021, 19:30:32	7678001	347681644866	us-ca	371%	1.960857 CFX	1.943210 CFX ()	
08.02.2021, 19:24:52	7677679	347681644866	us-ca	2.9%	1.971259 CFX	1.953518 CFX ()	
08.02.2021, 19:24:47	7677673	347681644866	us-ca	23%	1.987258 CFX	1.969373 CFX ()	
08.02.2021, 19:24:27	7677656	347681644866	us-ca	78%	1.980058 CFX	1.962237 CFX ()	
08.02.2021, 19:23:36	7677613	347681644866	eu-de	32%	1.971258 CFX	1.953516 CFX ()	
08.02.2021, 19:23:00	7677578	347681644866	eu-de	20%	1.971258 CFX	1.953516 CFX ()	
08.02.2021, 19:22:42	7677565	347681644866	us-ca	8.6%	1.983862 CFX	1.966007 CFX ()	
08.02.2021, 19:22:33	7677558	347681644866	eu-de	230%	1.975858 CFX	1.958075 CFX ()	
08.02.2021, 19:18:23	7677337	347681644866	eu-de	55%	1.990258 CFX	1.972346 CFX ()	
08.02.2021, 19:17:27	7677287	347681644866	us-ca	196%	1.980058 CFX	1.962237 CFX ()	
08.02.2021, 19:13:57	7677098	347681644866	eu-de	394%	1.998260 CFX	1.980276 CFX ()	
08.02.2021, 19:06:54	7676727	347681644866	us-ca	138%	1.980058 CFX	1.962237 CFX ()	
08.02.2021, 19:03:55	7676566	347681644866	us-ca	201%	1.980058 CFX	1.962237 CFX ()	
08.02.2021, 18:58:53	7676297	347681644866	us-ca	101%	1.980060 CFX	1.962239 CFX ()	
08.02.2021, 18:56:21	7676149	347681644866	eu-de	293%	1.911856 CFX	1.894650 CFX ()	
08.02.2021, 18:48:50	7675755	347681644866	us-ca	109%	1.996860 CFX	1.978888 CFX ()	
08.02.2021, 18:46:47	7675632	347681644866	eu-de	75%	1.782256 CFX	1.766215 CFX ()	
08.02.2021, 18:45:19	7675566	347681644866	us-ca	17%	1.980058 CFX	1.962238 CFX ()	
08.02.2021, 18:44:42	7675534	347681644866	eu-de	201%	1.960861 CFX	1.943213 CFX ()	
08.02.2021, 18:40:32	7675307	347681644866	eu-de	247%	1.987258 CFX	1.969373 CFX ()	
08.02.2021, 18:35:30	7675041	347681644866	eu-de	23%	1.995059 CFX	1.977104 CFX ()	
08.02.2021, 18:35:12	7675027	347681644866	eu-de	155%	1.992860 CFX	1.974924 CFX ()	
08.02.2021, 18:31:32	7674838	387643993128	eu-de	85%	1.975858 CFX	1.958075 CFX ()	
08.02.2021, 18:29:20	7674736	387643993128	eu-de	28%	1.992858 CFX	1.974922 CFX ()	
08.02.2021, 18:28:44	7674706	387643993128	eu-de	44%	1.955059 CFX	1.937463 CFX ()	
08.02.2021, 18:27:30	7674648	387643993128	us-ca	88%	1.966258 CFX	1.948562 CFX ()	
08.02.2021, 18:25:25	7674552	387643993128	us-ca	57%	1.990258 CFX	1.972346 CFX ()	
08.02.2021, 18:24:03	7674475	387643993128	us-ca	152%	1.975860 CFX	1.958077 CFX ()	
08.02.2021, 18:21:27	7674348	387643993128	us-ca	137%	1.960858 CFX	1.943210 CFX ()	
08.02.2021, 18:19:05	7674234	387643993128	eu-de	64%	1.992858 CFX	1.974922 CFX ()	
08.02.2021, 18:17:48	7674170	387643993128	eu-de	72%	1.955057 CFX	1.937462 CFX ()	
08.02.2021, 18:16:35	7674109	387643993128	us-ca	359%	1.995059 CFX	1.977104 CFX ()	
08.02.2021, 18:08:55	7673726	387643993128	eu-de	36%	1.971260 CFX	1.953518 CFX ()	
08.02.2021, 18:08:38	7673714	387643993128	us-ca	88%	1.942260 CFX	1.924780 CFX ()	
08.02.2021, 18:06:20	7673611	387643993128	us-ca	36%	1.975858 CFX	1.958075 CFX ()	
08.02.2021, 18:05:16	7673551	387643993128	eu-de	52%	1.948859 CFX	1.931319 CFX ()	
08.02.2021, 18:04:35	7673520	387643993128	us-ca	90%	1.975859 CFX	1.958076 CFX ()	
08.02.2021, 18:03:20	7673454	387643993128	eu-de	41%	1.831856 CFX	1.815369 CFX ()	
08.02.2021, 18:02:33	7673417	387643993128	us-ca	36%	1.992859 CFX	1.974924 CFX ()	
08.02.2021, 18:02:12	7673403	387643993128	eu-de	21%	1.987260 CFX	1.969375 CFX ()	
08.02.2021, 18:01:49	7673385	387643993128	us-ca	34%	1.992860 CFX	1.974924 CFX ()	
08.02.2021, 18:01:14	7673356	387643993128	us-ca	201%	1.990258 CFX	1.972345 CFX ()	
08.02.2021, 17:57:14	7673168	387643993128	eu-de	28%	1.948857 CFX	1.931317 CFX ()	
08.02.2021, 17:56:35	7673141	387643993128	eu-de	31%	1.960859 CFX	1.943211 CFX ()	
08.02.2021, 17:56:11	7673120	387643993128	us-ca	2.6%	1.990258 CFX	1.972346 CFX ()	
08.02.2021, 17:56:10	7673119	387643993128	us-ca	39%	1.987468 CFX	1.969581 CFX ()	
08.02.2021, 17:55:41	7673097	387643993128	eu-de	10%	1.960859 CFX	1.943212 CFX ()	
08.02.2021, 17:55:28	7673087	387643993128	eu-de	137%	1.987258 CFX	1.969372 CFX ()	
08.02.2021, 17:53:10	7672974	387643993128	us-ca	39%	1.987259 CFX	1.969374 CFX ()	
08.02.2021, 17:52:23	7672932	387643993128	us-ca	348%	1.975860 CFX	1.958077 CFX ()	
08.02.2021, 17:46:34	7672639	387643993128	us-ca	41%	1.966257 CFX	1.948561 CFX ()	
08.02.2021, 17:46:03	7672612	387643993128	us-ca	139%	1.935257 CFX	1.917840 CFX ()	
08.02.2021, 17:42:51	7672458	387643993128	eu-de	49%	1.820055 CFX	1.803675 CFX ()	
08.02.2021, 17:42:05	7672426	387643993128	us-ca	77%	1.975862 CFX	1.958079 CFX ()	
08.02.2021, 17:40:16	7672331	387643993128	us-ca	472%	1.980058 CFX	1.962237 CFX ()	
08.02.2021, 17:29:32	7671812	387643993128	eu-de	41%	1.998259 CFX	1.980275 CFX ()	
08.02.2021, 17:28:43	7671753	387643993128	us-ca	98%	1.519847 CFX	1.506169 CFX ()	
08.02.2021, 17:27:21	7671705	387643993128	eu-de	62%	1.992858 CFX	1.974922 CFX ()	
08.02.2021, 17:26:11	7671656	387643993128	eu-de	23%	1.995060 CFX	1.977105 CFX ()	
08.02.2021, 17:25:22	7671619	387643993128	eu-de	31%	1.980058 CFX	1.962237 CFX ()	
08.02.2021, 17:24:19	7671574	387643993128	eu-de	28%	1.980058 CFX	1.962238 CFX ()	
08.02.2021, 17:23:29	7671534	387643993128	us-ca	193%	1.911857 CFX	1.894650 CFX ()	
08.02.2021, 17:19:20	7671335	387643993128	eu-de	7.7%	1.966260 CFX	1.948563 CFX ()	
08.02.2021, 17:19:16	7671332	387643993128	eu-de	77%	1.980058 CFX	1.962237 CFX ()	
08.02.2021, 17:17:16	7671242	387643993128	eu-de	139%	1.980058 CFX	1.962238 CFX ()	
08.02.2021, 17:13:46	7671064	387643993128	us-ca	39%	1.903256 CFX	1.886127 CFX ()	
08.02.2021, 17:13:06	7671043	387643993128	eu-de	7.7%	1.992858 CFX	1.974922 CFX ()	
08.02.2021, 17:12:52	7671034	387643993128	eu-de	34%	1.971259 CFX	1.953517 CFX ()	
08.02.2021, 17:12:10	7670999	387643993128	eu-de	36%	1.987258 CFX	1.969373 CFX ()	
08.02.2021, 17:11:19	7670962	387643993128	eu-de	44%	1.948860 CFX	1.931320 CFX ()	
08.02.2021, 17:10:19	7670918	387643993128	eu-de	77%	1.992858 CFX	1.974922 CFX ()	
08.02.2021, 17:08:34	7670840	387643993128	eu-de	263%	1.960858 CFX	1.943210 CFX ()	
08.02.2021, 17:03:18	7670619	387643993128	eu-de	39%	1.966258 CFX	1.948561 CFX ()	
08.02.2021, 17:02:51	7670598	387643993128	eu-de	10%	1.966259 CFX	1.948563 CFX ()	
08.02.2021, 17:02:45	7670584	387643993128	us-ca	111%	1.843256 CFX	1.826667 CFX ()	
08.02.2021, 17:00:38	7670490	387643993128	eu-de	114%	1.983858 CFX	1.966003 CFX ()	
08.02.2021, 16:58:53	7670410	387643993128	us-ca	155%	1.992859 CFX	1.974923 CFX ()	
08.02.2021, 16:56:34	7670308	387643993128	eu-de	124%	1.995058 CFX	1.977102 CFX ()	
08.02.2021, 16:54:13	7670191	387643993128	eu-de	28%	1.983858 CFX	1.966003 CFX ()	
08.02.2021, 16:53:29	7670166	387643993128	us-ca	57%	1.983858 CFX	1.966003 CFX ()	
08.02.2021, 16:52:49	7670144	387643993128	eu-de	106%	1.983858 CFX	1.966003 CFX ()	
08.02.2021, 16:51:16	7670071	387643993128	eu-de	108%	1.884856 CFX	1.867892 CFX ()	
08.02.2021, 16:47:42	7669944	632616558790	eu-de	25%	1.980059 CFX	1.962238 CFX ()	
08.02.2021, 16:46:49	7669911	632616558790	us-ca	38%	1.920058 CFX	1.902777 CFX ()	
08.02.2021, 16:43:09	7669787	632616558790	us-ca	232%	1.955057 CFX	1.937462 CFX ()	
08.02.2021, 16:31:36	7669425	632616558790	eu-de	111%	1.942257 CFX	1.924777 CFX ()	
08.02.2021, 16:28:04	7669310	632616558790	eu-de	17%	1.992861 CFX	1.974926 CFX ()	
08.02.2021, 16:27:43	7669299	632616558790	us-ca	79%	1.995060 CFX	1.977105 CFX ()	
08.02.2021, 16:25:24	7669219	632616558790	eu-de	57%	1.975860 CFX	1.958077 CFX ()	
08.02.2021, 16:23:50	7669165	632616558790	eu-de	55%	1.998261 CFX	1.980276 CFX ()	
08.02.2021, 16:22:04	7669107	632616558790	eu-de	6.3%	1.983860 CFX	1.966005 CFX ()	
08.02.2021, 16:21:59	7669105	632616558790	us-ca	217%	1.992858 CFX	1.974922 CFX ()	
08.02.2021, 16:15:21	7668867	632616558790	us-ca	65%	1.927857 CFX	1.910506 CFX ()	
08.02.2021, 16:13:39	7668809	632616558790	us-ca	76%	1.966258 CFX	1.948562 CFX ()	
08.02.2021, 16:10:54	7668710	632616558790	us-ca	4.7%	1.942258 CFX	1.924778 CFX ()	
08.02.2021, 16:10:45	7668709	632616558790	us-ca	213%	1.987259 CFX	1.969374 CFX ()	
08.02.2021, 16:04:45	7668498	632616558790	eu-de	106%	1.955059 CFX	1.937463 CFX ()	
08.02.2021, 16:01:43	7668397	632616558790	us-ca	36%	1.971258 CFX	1.953517 CFX ()	
08.02.2021, 16:00:41	7668367	632616558790	us-ca	139%	1.983858 CFX	1.966003 CFX ()	
08.02.2021, 15:56:20	7668202	632616558790	us-ca	68%	1.980059 CFX	1.962238 CFX ()	
08.02.2021, 15:54:07	7668126	632616558790	eu-de	217%	1.927858 CFX	1.910507 CFX ()	
08.02.2021, 15:46:52	7667864	632616558790	eu-de	55%	1.920057 CFX	1.902776 CFX ()	
08.02.2021, 15:45:11	7667808	632616558790	eu-de	138%	1.935260 CFX	1.917842 CFX ()	
08.02.2021, 15:41:24	7667679	632616558790	us-ca	150%	1.995063 CFX	1.977108 CFX ()	
08.02.2021, 15:36:23	7667512	632616558790	eu-de	85%	1.987258 CFX	1.969372 CFX ()	
08.02.2021, 15:33:55	7667406	632616558790	us-ca	9.5%	1.695852 CFX	1.680589 CFX ()	
08.02.2021, 15:33:39	7667408	632616558790	eu-de	58%	1.983863 CFX	1.966008 CFX ()	
08.02.2021, 15:31:28	7667318	632616558790	us-ca	22%	1.975858 CFX	1.958075 CFX ()	
08.02.2021, 15:30:27	7667280	632616558790	eu-de	24%	1.960857 CFX	1.943210 CFX ()	
08.02.2021, 15:29:40	7667259	632616558790	us-ca	40%	1.987261 CFX	1.969375 CFX ()	
08.02.2021, 15:28:50	7667230	632616558790	eu-de	40%	1.966259 CFX	1.948563 CFX ()	
08.02.2021, 15:27:45	7667185	632616558790	us-ca	272%	1.894256 CFX	1.877208 CFX ()	
08.02.2021, 15:20:14	7666919	632616558790	eu-de	41%	1.983860 CFX	1.966005 CFX ()	
08.02.2021, 15:18:47	7666862	632616558790	eu-de	187%	1.998260 CFX	1.980275 CFX ()	
08.02.2021, 15:12:30	7666632	632616558790	us-ca	144%	1.971257 CFX	1.953516 CFX ()	
08.02.2021, 15:07:42	7666456	632616558790	us-ca	38%	1.948857 CFX	1.931317 CFX ()	
08.02.2021, 15:06:37	7666417	632616558790	eu-de	125%	1.992863 CFX	1.974928 CFX ()	
08.02.2021, 15:03:05	7666293	632616558790	eu-de	131%	1.955059 CFX	1.937463 CFX ()	
08.02.2021, 14:59:47	7666176	632616558790	us-ca	54%	1.980060 CFX	1.962240 CFX ()	
08.02.2021, 14:57:49	7666102	632616558790	eu-de	285%	1.987258 CFX	1.969372 CFX ()	
08.02.2021, 14:47:50	7665734	632616558790	eu-de	269%	1.999260 CFX	1.981267 CFX ()	
08.02.2021, 14:37:49	7665362	632616558790	us-ca	185%	1.980059 CFX	1.962239 CFX ()	
08.02.2021, 14:32:40	7665176	632616558790	us-ca	156%	1.948857 CFX	1.931317 CFX ()	
08.02.2021, 14:29:37	7665065	632616558790	us-ca	11%	1.875056 CFX	1.858181 CFX ()	
08.02.2021, 14:29:31	7665064	632616558790	us-ca	3.2%	1.975858 CFX	1.958075 CFX ()	
08.02.2021, 14:29:24	7665061	632616558790	eu-de	119%	1.996858 CFX	1.978886 CFX ()	
08.02.2021, 14:25:26	7664896	470365485674	us-ca	272%	1.960857 CFX	1.943210 CFX ()	
08.02.2021, 14:19:38	7664631	470365485674	eu-de	74%	1.960859 CFX	1.943211 CFX ()	
08.02.2021, 14:17:54	7664554	470365485674	us-ca	34%	1.998261 CFX	1.980277 CFX ()	
08.02.2021, 14:17:14	7664524	470365485674	us-ca	19%	1.980058 CFX	1.962237 CFX ()	
08.02.2021, 14:16:37	7664492	470365485674	us-ca	104%	1.990258 CFX	1.972345 CFX ()	
08.02.2021, 14:14:23	7664389	470365485674	us-ca	30%	1.948857 CFX	1.931317 CFX ()	
08.02.2021, 14:13:49	7664362	470365485674	us-ca	53%	1.971258 CFX	1.953516 CFX ()	
08.02.2021, 14:12:25	7664295	470365485674	us-ca	47%	1.927857 CFX	1.910506 CFX ()	
08.02.2021, 14:11:03	7664236	470365485674	eu-de	4.3%	1.987260 CFX	1.969375 CFX ()	
08.02.2021, 14:11:00	7664233	470365485674	us-ca	181%	1.995058 CFX	1.977102 CFX ()	
08.02.2021, 14:06:55	7664064	470365485674	us-ca	125%	1.975859 CFX	1.958077 CFX ()	
08.02.2021, 14:03:47	7663912	470365485674	eu-de	64%	1.975858 CFX	1.958075 CFX ()	
08.02.2021, 14:02:40	7663853	470365485674	us-ca	40%	1.807854 CFX	1.791583 CFX ()	
08.02.2021, 14:01:21	7663803	470365485674	us-ca	223%	1.948858 CFX	1.931318 CFX ()	
08.02.2021, 13:52:13	7663377	470365485674	us-ca	11%	1.983860 CFX	1.966005 CFX ()	
08.02.2021, 13:51:56	7663359	470365485674	us-ca	36%	1.843257 CFX	1.826667 CFX ()	
08.02.2021, 13:51:12	7663332	470365485674	eu-de	2.1%	1.975860 CFX	1.958077 CFX ()	
08.02.2021, 13:51:10	7663331	470365485674	eu-de	72%	1.980059 CFX	1.962238 CFX ()	
08.02.2021, 13:49:15	7663241	470365485674	eu-de	66%	1.992858 CFX	1.974922 CFX ()	
08.02.2021, 13:46:00	7663072	470365485674	eu-de	4.3%	1.990258 CFX	1.972346 CFX ()	
08.02.2021, 13:45:58	7663070	470365485674	eu-de	40%	1.983858 CFX	1.966003 CFX ()	
08.02.2021, 13:44:56	7663010	470365485674	us-ca	57%	1.960858 CFX	1.943210 CFX ()	
08.02.2021, 13:43:46	7662925	470365485674	us-ca	81%	1.942258 CFX	1.924777 CFX ()	
08.02.2021, 13:42:24	7662845	470365485674	us-ca	40%	1.820056 CFX	1.803676 CFX ()	
08.02.2021, 13:41:55	7662821	470365485674	eu-de	53%	1.884856 CFX	1.867892 CFX ()	
08.02.2021, 13:41:54	7662821	470365485674	us-ca	53%	1.948858 CFX	1.931318 CFX ()	
08.02.2021, 13:40:57	7662756	470365485674	us-ca	304%	1.726253 CFX	1.710717 CFX ()	
08.02.2021, 13:34:39	7662386	470365485674	us-ca	4.3%	1.966258 CFX	1.948561 CFX ()	
08.02.2021, 13:34:23	7662359	470365485674	eu-de	23%	1.795254 CFX	1.779097 CFX ()	
08.02.2021, 13:34:01	7662339	470365485674	eu-de	206%	1.782254 CFX	1.766213 CFX ()	
08.02.2021, 13:30:17	7662119	470365485674	eu-de	191%	1.884860 CFX	1.867896 CFX ()	
08.02.2021, 13:26:46	7661898	470365485674	eu-de	34%	1.960859 CFX	1.943212 CFX ()	
08.02.2021, 13:26:22	7661861	470365485674	eu-de	64%	0.963237 CFX	0.954567 CFX ()	
08.02.2021, 13:25:16	7661803	470365485674	eu-de	96%	1.911860 CFX	1.894654 CFX ()	
08.02.2021, 13:23:12	7661672	470365485674	eu-de	119%	1.966258 CFX	1.948561 CFX ()	
08.02.2021, 13:19:34	7661479	470365485674	eu-de	145%	1.935265 CFX	1.917847 CFX ()	
08.02.2021, 13:16:40	7661325	470365485674	eu-de	6.4%	1.372844 CFX	1.360489 CFX ()	
08.02.2021, 13:16:35	7661326	470365485674	us-ca	200%	1.768855 CFX	1.752936 CFX ()	
08.02.2021, 13:13:11	7661140	470365485674	eu-de	77%	1.966258 CFX	1.948561 CFX ()	
08.02.2021, 13:11:54	7661065	470365485674	eu-de	40%	1.995061 CFX	1.977106 CFX ()	
08.02.2021, 13:11:07	7660996	470365485674	us-ca	168%	0.415815 CFX	0.412073 CFX ()	
08.02.2021, 13:07:47	7660818	470365485674	us-ca	206%	1.966258 CFX	1.948561 CFX ()	
08.02.2021, 13:04:09	7660593	470365485674	eu-de	255%	1.996858 CFX	1.978886 CFX ()	
08.02.2021, 12:59:45	7660327	470365485674	us-ca	138%	1.942257 CFX	1.924777 CFX ()	
08.02.2021, 12:57:18	7660197	470365485674	us-ca	174%	1.990258 CFX	1.972345 CFX ()	
08.02.2021, 12:54:12	7660030	470365485674	eu-de	398%	1.998258 CFX	1.980274 CFX ()	
08.02.2021, 12:43:49	7659577	727245894075	eu-de	4.1%	1.980059 CFX	1.962239 CFX ()	
08.02.2021, 12:43:42	7659571	727245894075	us-ca	175%	1.992858 CFX	1.974922 CFX ()	
08.02.2021, 12:38:01	7659337	727245894075	eu-de	63%	1.996858 CFX	1.978886 CFX ()	
08.02.2021, 12:36:22	7659272	727245894075	eu-de	128%	1.995059 CFX	1.977104 CFX ()	
08.02.2021, 12:31:47	7659099	727245894075	eu-de	191%	1.995059 CFX	1.977104 CFX ()	
08.02.2021, 12:24:45	7658832	727245894075	eu-de	76%	1.996860 CFX	1.978889 CFX ()	
08.02.2021, 12:22:13	7658740	727245894075	eu-de	84%	1.983859 CFX	1.966005 CFX ()	
08.02.2021, 12:19:28	7658646	727245894075	eu-de	171%	1.987260 CFX	1.969375 CFX ()	
08.02.2021, 12:13:58	7658455	727245894075	us-ca	77%	1.942259 CFX	1.924779 CFX ()	
08.02.2021, 12:10:45	7658357	727245894075	us-ca	67%	1.971259 CFX	1.953518 CFX ()	
08.02.2021, 12:07:44	7658248	727245894075	us-ca	11%	1.992859 CFX	1.974923 CFX ()	
08.02.2021, 12:07:15	7658231	727245894075	us-ca	241%	1.990258 CFX	1.972345 CFX ()	
08.02.2021, 11:57:35	7657866	727245894075	eu-de	58%	1.987258 CFX	1.969373 CFX ()	
08.02.2021, 11:55:11	7657770	727245894075	eu-de	319%	1.983858 CFX	1.966003 CFX ()	
08.02.2021, 11:38:17	7657138	727245894075	eu-de	11%	1.992858 CFX	1.974922 CFX ()	
08.02.2021, 11:37:51	7657121	727245894075	us-ca	165%	1.996861 CFX	1.978889 CFX ()	
08.02.2021, 11:32:06	7656910	727245894075	eu-de	12%	1.992860 CFX	1.974924 CFX ()	
08.02.2021, 11:31:50	7656897	727245894075	us-ca	151%	1.983858 CFX	1.966003 CFX ()	
08.02.2021, 11:27:27	7656737	727245894075	us-ca	89%	1.971259 CFX	1.953517 CFX ()	
08.02.2021, 11:24:19	7656630	727245894075	eu-de	25%	1.996858 CFX	1.978886 CFX ()	
08.02.2021, 11:23:40	7656607	727245894075	us-ca	221%	1.996858 CFX	1.978886 CFX ()	
08.02.2021, 11:16:28	7656358	727245894075	eu-de	29%	1.966257 CFX	1.948561 CFX ()	
08.02.2021, 11:15:12	7656308	727245894075	us-ca	48%	1.990261 CFX	1.972349 CFX ()	
08.02.2021, 11:13:32	7656254	727245894075	us-ca	22%	1.996858 CFX	1.978886 CFX ()	
08.02.2021, 11:12:55	7656228	727245894075	us-ca	12%	1.990259 CFX	1.972347 CFX ()	
08.02.2021, 11:12:23	7656211	727245894075	us-ca	99%	1.987258 CFX	1.969373 CFX ()	
08.02.2021, 11:09:01	7656090	727245894075	us-ca	45%	1.987259 CFX	1.969373 CFX ()	
08.02.2021, 11:07:14	7656021	727245894075	eu-de	87%	1.996860 CFX	1.978888 CFX ()	
08.02.2021, 11:04:03	7655909	727245894075	us-ca	106%	1.975857 CFX	1.958075 CFX ()	
08.02.2021, 11:01:08	7655812	727245894075	eu-de	11%	1.992860 CFX	1.974924 CFX ()	
08.02.2021, 11:00:45	7655802	727245894075	us-ca	245%	1.992860 CFX	1.974924 CFX ()	
08.02.2021, 10:52:26	7655493	727245894075	us-ca	11%	1.955059 CFX	1.937463 CFX ()	
08.02.2021, 10:52:12	7655485	727245894075	us-ca	146%	1.998259 CFX	1.980275 CFX ()	
08.02.2021, 10:47:24	7655319	727245894075	eu-de	131%	1.996860 CFX	1.978888 CFX ()	
08.02.2021, 10:41:31	7655076	727245894075	us-ca	399%	1.975858 CFX	1.958075 CFX ()	
08.02.2021, 10:25:04	7654117	484830596050	us-ca	12%	1.971258 CFX	1.953516 CFX ()	
08.02.2021, 10:24:55	7654105	484830596050	us-ca	56%	1.975859 CFX	1.958076 CFX ()	
08.02.2021, 10:23:45	7654037	484830596050	us-ca	54%	1.971257 CFX	1.953516 CFX ()	
08.02.2021, 10:22:36	7653973	484830596050	us-ca	8.3%	1.942261 CFX	1.924780 CFX ()	
08.02.2021, 10:22:34	7653972	484830596050	eu-de	41%	1.975858 CFX	1.958075 CFX ()	
08.02.2021, 10:21:52	7653933	484830596050	us-ca	29%	1.960857 CFX	1.943210 CFX ()	
08.02.2021, 10:21:13	7653897	484830596050	us-ca	111%	1.955060 CFX	1.937465 CFX ()	
08.02.2021, 10:18:44	7653763	484830596050	us-ca	109%	1.920058 CFX	1.902777 CFX ()	
08.02.2021, 10:15:53	7653615	484830596050	eu-de	2.1%	1.966261 CFX	1.948565 CFX ()	
08.02.2021, 10:15:47	7653612	484830596050	us-ca	19%	1.903257 CFX	1.886128 CFX ()	
08.02.2021, 10:15:22	7653586	484830596050	eu-de	10%	1.884857 CFX	1.867893 CFX ()	
08.02.2021, 10:15:20	7653583	484830596050	eu-de	21%	1.960858 CFX	1.943210 CFX ()	
08.02.2021, 10:14:46	7653551	484830596050	eu-de	402%	1.935257 CFX	1.917839 CFX ()	
08.02.2021, 10:05:07	7653019	484830596050	us-ca	109%	1.948860 CFX	1.931320 CFX ()	
08.02.2021, 10:03:10	7652890	484830596050	us-ca	6.2%	1.996860 CFX	1.978888 CFX ()	
08.02.2021, 10:03:07	7652888	484830596050	us-ca	74%	1.971259 CFX	1.953518 CFX ()	
08.02.2021, 10:01:47	7652798	484830596050	eu-de	89%	1.980058 CFX	1.962238 CFX ()	
08.02.2021, 09:59:26	7652654	484830596050	us-ca	23%	1.911857 CFX	1.894650 CFX ()	
08.02.2021, 09:58:39	7652608	484830596050	eu-de	50%	1.990258 CFX	1.972346 CFX ()	
08.02.2021, 09:57:47	7652566	484830596050	eu-de	109%	1.894259 CFX	1.877211 CFX ()	
08.02.2021, 09:55:19	7652434	484830596050	eu-de	66%	1.949489 CFX	1.931944 CFX ()	
08.02.2021, 09:53:56	7652354	484830596050	eu-de	41%	1.807854 CFX	1.791584 CFX ()	
08.02.2021, 09:53:20	7652320	484830596050	eu-de	258%	1.983860 CFX	1.966005 CFX ()	
08.02.2021, 09:46:53	7651941	484830596050	eu-de	91%	1.960861 CFX	1.943213 CFX ()	
08.02.2021, 09:44:38	7651805	484830596050	eu-de	208%	1.438245 CFX	1.425301 CFX ()	
08.02.2021, 09:39:08	7651514	484830596050	eu-de	70%	1.903258 CFX	1.886129 CFX ()	
08.02.2021, 09:39:08	7651514	484830596050	us-ca	70%	1.911857 CFX	1.894650 CFX ()	
08.02.2021, 09:37:36	7651428	484830596050	eu-de	2.1%	1.955057 CFX	1.937462 CFX ()	
08.02.2021, 09:37:34	7651424	484830596050	eu-de	27%	1.903257 CFX	1.886128 CFX ()	
08.02.2021, 09:37:01	7651403	484830596050	eu-de	2.1%	1.927861 CFX	1.910511 CFX ()	
08.02.2021, 09:36:58	7651402	484830596050	us-ca	37%	1.884857 CFX	1.867893 CFX ()	
08.02.2021, 09:36:02	7651355	484830596050	us-ca	10%	1.935258 CFX	1.917840 CFX ()	
08.02.2021, 09:35:53	7651348	484830596050	eu-de	56%	1.990258 CFX	1.972346 CFX ()	
08.02.2021, 09:34:45	7651290	484830596050	us-ca	169%	1.894261 CFX	1.877213 CFX ()	
08.02.2021, 09:31:35	7651141	484830596050	eu-de	64%	1.768856 CFX	1.752936 CFX ()	
08.02.2021, 09:29:45	7651043	484830596050	eu-de	45%	1.955058 CFX	1.937463 CFX ()	
08.02.2021, 09:28:42	7650980	484830596050	us-ca	14%	1.911868 CFX	1.894661 CFX ()	
08.02.2021, 09:28:14	7650960	484830596050	eu-de	200%	1.948857 CFX	1.931318 CFX ()	
08.02.2021, 09:23:10	7650686	484830596050	us-ca	268%	1.966261 CFX	1.948564 CFX ()	
08.02.2021, 09:17:50	7650404	484830596050	eu-de	8.3%	1.971261 CFX	1.953519 CFX ()	
08.02.2021, 09:17:45	7650398	484830596050	eu-de	6.2%	1.942257 CFX	1.924777 CFX ()	
08.02.2021, 09:17:42	7650396	484830596050	us-ca	45%	1.983858 CFX	1.966003 CFX ()	
08.02.2021, 09:17:01	7650360	484830596050	eu-de	299%	1.966260 CFX	1.948564 CFX ()	
08.02.2021, 09:10:55	7650053	484830596050	eu-de	45%	1.998258 CFX	1.980273 CFX ()	
08.02.2021, 09:08:58	7649973	609972072384	eu-de	89%	1.992858 CFX	1.974922 CFX ()	
08.02.2021, 09:05:31	7649829	609972072384	us-ca	67%	1.980058 CFX	1.962237 CFX ()	
08.02.2021, 09:03:50	7649762	609972072384	us-ca	198%	1.995061 CFX	1.977105 CFX ()	
08.02.2021, 08:57:34	7649502	609972072384	eu-de	28%	1.983858 CFX	1.966003 CFX ()	
08.02.2021, 08:56:55	7649472	609972072384	eu-de	157%	1.980059 CFX	1.962239 CFX ()	
08.02.2021, 08:54:17	7649352	609972072384	eu-de	30%	1.927858 CFX	1.910507 CFX ()	
08.02.2021, 08:53:38	7649325	609972072384	eu-de	90%	1.990258 CFX	1.972345 CFX ()	
08.02.2021, 08:50:45	7649195	609972072384	eu-de	82%	1.927857 CFX	1.910506 CFX ()	
08.02.2021, 08:49:18	7649130	609972072384	us-ca	44%	1.992861 CFX	1.974926 CFX ()	
08.02.2021, 08:48:17	7649084	609972072384	eu-de	57%	1.992858 CFX	1.974922 CFX ()	
08.02.2021, 08:46:23	7648995	609972072384	us-ca	39%	1.966260 CFX	1.948564 CFX ()	
08.02.2021, 08:45:33	7648966	609972072384	eu-de	282%	1.966258 CFX	1.948561 CFX ()	
08.02.2021, 08:39:37	7648705	609972072384	eu-de	254%	1.992858 CFX	1.974922 CFX ()	
08.02.2021, 08:32:27	7648389	609972072384	eu-de	80%	1.998259 CFX	1.980274 CFX ()	
08.02.2021, 08:30:18	7648300	609972072384	us-ca	11%	1.948859 CFX	1.931319 CFX ()	
08.02.2021, 08:29:50	7648283	609972072384	us-ca	103%	1.983858 CFX	1.966003 CFX ()	
08.02.2021, 08:27:08	7648171	609972072384	us-ca	4.9%	1.996859 CFX	1.978887 CFX ()	
08.02.2021, 08:27:00	7648167	609972072384	us-ca	23%	1.980059 CFX	1.962238 CFX ()	
08.02.2021, 08:26:16	7648138	609972072384	us-ca	138%	1.971259 CFX	1.953518 CFX ()	
08.02.2021, 08:22:51	7648000	609972072384	us-ca	257%	1.975857 CFX	1.958075 CFX ()	
08.02.2021, 08:14:17	7647635	609972072384	eu-de	1.6%	1.996859 CFX	1.978887 CFX ()	
08.02.2021, 08:14:11	7647633	609972072384	eu-de	56%	1.998260 CFX	1.980275 CFX ()	
08.02.2021, 08:12:02	7647533	609972072384	eu-de	244%	1.992858 CFX	1.974922 CFX ()	
08.02.2021, 08:03:52	7647181	609972072384	eu-de	28%	1.992859 CFX	1.974924 CFX ()	
08.02.2021, 08:02:59	7647147	609972072384	us-ca	139%	1.983857 CFX	1.966003 CFX ()	
08.02.2021, 07:57:58	7646927	609972072384	eu-de	67%	1.980058 CFX	1.962237 CFX ()	
08.02.2021, 07:55:40	7646832	609972072384	eu-de	282%	1.998260 CFX	1.980275 CFX ()	
08.02.2021, 07:48:20	7646542	609972072384	as-sg	272%	1.975857 CFX	1.958075 CFX ()	
08.02.2021, 07:48:20	7646542	609972072384	eu-de	272%	1.983857 CFX	1.966003 CFX ()	
08.02.2021, 07:36:56	7646090	609972072384	eu-de	110%	1.995058 CFX	1.977102 CFX ()	
08.02.2021, 07:33:46	7645960	609972072384	eu-de	326%	1.995058 CFX	1.977102 CFX ()	
08.02.2021, 07:22:25	7645494	609972072384	us-ca	74%	1.966259 CFX	1.948562 CFX ()	
08.02.2021, 07:19:23	7645369	609972072384	eu-de	8.2%	1.992860 CFX	1.974924 CFX ()	
08.02.2021, 07:19:15	7645363	609972072384	eu-de	49%	1.987257 CFX	1.969372 CFX ()	
08.02.2021, 07:18:00	7645294	609972072384	eu-de	6.6%	1.843256 CFX	1.826666 CFX ()	
08.02.2021, 07:17:46	7645286	609972072384	us-ca	3.3%	1.983858 CFX	1.966003 CFX ()	
08.02.2021, 07:17:38	7645278	609972072384	us-ca	44%	1.948857 CFX	1.931317 CFX ()	
08.02.2021, 07:16:40	7645213	609972072384	us-ca	98%	1.960860 CFX	1.943212 CFX ()	
08.02.2021, 07:14:10	7645060	609972072384	us-ca	54%	1.942257 CFX	1.924777 CFX ()	
08.02.2021, 07:12:35	7644951	406648048256	eu-de	170%	0.555019 CFX	0.550024 CFX ()	
08.02.2021, 07:09:17	7644733	406648048256	eu-de	37%	1.975866 CFX	1.958083 CFX ()	
08.02.2021, 07:08:51	7644699	406648048256	eu-de	177%	1.975860 CFX	1.958077 CFX ()	
08.02.2021, 07:06:04	7644518	406648048256	us-ca	25%	1.948858 CFX	1.931318 CFX ()	
08.02.2021, 07:05:44	7644496	406648048256	us-ca	22%	1.927858 CFX	1.910507 CFX ()	
08.02.2021, 07:05:29	7644479	406648048256	eu-de	175%	1.647260 CFX	1.632434 CFX ()	
08.02.2021, 07:03:04	7644323	406648048256	us-ca	44%	1.807861 CFX	1.791590 CFX ()	
08.02.2021, 07:02:35	7644290	406648048256	us-ca	113%	1.875057 CFX	1.858181 CFX ()	
08.02.2021, 07:00:24	7644139	406648048256	eu-de	42%	1.864858 CFX	1.848074 CFX ()	
08.02.2021, 06:59:57	7644108	406648048256	us-ca	403%	1.903257 CFX	1.886128 CFX ()	
08.02.2021, 06:52:26	7643568	406648048256	us-ca	7.4%	1.894258 CFX	1.877210 CFX ()	
08.02.2021, 06:52:18	7643558	406648048256	us-ca	192%	1.911857 CFX	1.894650 CFX ()	
08.02.2021, 06:49:38	7643371	406648048256	us-ca	128%	1.935262 CFX	1.917845 CFX ()	
08.02.2021, 06:47:22	7643218	406648048256	us-ca	2.5%	1.942261 CFX	1.924781 CFX ()	
08.02.2021, 06:47:22	7643217	406648048256	us-ca	39%	1.948858 CFX	1.931318 CFX ()	
08.02.2021, 06:46:38	7643165	406648048256	us-ca	4.9%	1.942263 CFX	1.924783 CFX ()	
08.02.2021, 06:46:34	7643163	406648048256	us-ca	52%	1.935258 CFX	1.917841 CFX ()	
08.02.2021, 06:45:48	7643110	406648048256	us-ca	202%	1.955064 CFX	1.937468 CFX ()	
08.02.2021, 06:42:17	7642873	406648048256	us-ca	180%	1.884856 CFX	1.867893 CFX ()	
08.02.2021, 06:38:58	7642656	406648048256	eu-de	54%	1.894258 CFX	1.877210 CFX ()	
08.02.2021, 06:37:53	7642584	406648048256	us-ca	22%	1.854259 CFX	1.837571 CFX ()	
08.02.2021, 06:37:26	7642551	406648048256	eu-de	25%	1.894268 CFX	1.877220 CFX ()	
08.02.2021, 06:36:50	7642517	406648048256	us-ca	69%	1.820063 CFX	1.803682 CFX ()	
08.02.2021, 06:36:03	7642466	406648048256	eu-de	180%	1.875058 CFX	1.858183 CFX ()	
08.02.2021, 06:32:38	7642236	406648048256	us-ca	20%	1.864856 CFX	1.848072 CFX ()	
08.02.2021, 06:32:22	7642218	406648048256	us-ca	61%	1.955061 CFX	1.937465 CFX ()	
08.02.2021, 06:31:15	7642150	406648048256	us-ca	52%	1.647253 CFX	1.632428 CFX ()	
08.02.2021, 06:30:09	7642077	406648048256	eu-de	20%	1.992867 CFX	1.974931 CFX ()	
08.02.2021, 06:29:56	7642062	406648048256	eu-de	135%	1.975865 CFX	1.958082 CFX ()	
08.02.2021, 06:27:43	7641902	406648048256	us-ca	61%	1.911857 CFX	1.894651 CFX ()	
08.02.2021, 06:26:52	7641844	406648048256	eu-de	268%	1.911857 CFX	1.894651 CFX ()	
08.02.2021, 06:22:52	7641560	406648048256	eu-de	275%	1.948858 CFX	1.931318 CFX ()	
08.02.2021, 06:18:38	7641269	406648048256	eu-de	30%	1.955064 CFX	1.937468 CFX ()	
08.02.2021, 06:18:16	7641243	406648048256	eu-de	189%	1.966259 CFX	1.948563 CFX ()	
08.02.2021, 06:14:53	7641010	406648048256	us-ca	86%	1.960857 CFX	1.943210 CFX ()	
08.02.2021, 06:13:27	7640907	406648048256	eu-de	22%	1.987258 CFX	1.969373 CFX ()	
08.02.2021, 06:12:55	7640867	406648048256	us-ca	22%	1.960862 CFX	1.943214 CFX ()	
08.02.2021, 06:12:42	7640855	406648048256	us-ca	162%	1.948863 CFX	1.931323 CFX ()	
08.02.2021, 06:09:46	7640659	406648048256	eu-de	2.5%	1.966258 CFX	1.948561 CFX ()	
08.02.2021, 06:09:44	7640657	406648048256	eu-de	639%	1.971258 CFX	1.953516 CFX ()	
08.02.2021, 05:59:14	7640013	406648048256	eu-de	15%	1.995058 CFX	1.977102 CFX ()	
08.02.2021, 05:59:03	7640002	406648048256	us-ca	27%	1.987257 CFX	1.969372 CFX ()	
08.02.2021, 05:58:22	7639975	623828532674	eu-de	77%	1.996859 CFX	1.978887 CFX ()	
08.02.2021, 05:56:17	7639890	623828532674	eu-de	93%	1.992859 CFX	1.974923 CFX ()	
08.02.2021, 05:53:40	7639782	623828532674	us-ca	237%	1.990258 CFX	1.972345 CFX ()	
08.02.2021, 05:45:43	7639468	623828532674	us-ca	27%	1.987257 CFX	1.969372 CFX ()	
08.02.2021, 05:44:49	7639426	623828532674	us-ca	111%	1.987259 CFX	1.969374 CFX ()	
08.02.2021, 05:41:09	7639288	623828532674	eu-de	250%	1.992857 CFX	1.974922 CFX ()	
08.02.2021, 05:33:08	7639001	623828532674	eu-de	197%	1.990257 CFX	1.972345 CFX ()	
08.02.2021, 05:28:22	7638817	623828532674	eu-de	3.2%	1.996859 CFX	1.978887 CFX ()	
08.02.2021, 05:28:20	7638816	623828532674	eu-de	50%	1.992859 CFX	1.974923 CFX ()	
08.02.2021, 05:27:21	7638779	623828532674	eu-de	1.6%	1.992859 CFX	1.974923 CFX ()	
08.02.2021, 05:27:19	7638777	623828532674	eu-de	324%	1.983859 CFX	1.966004 CFX ()	
08.02.2021, 05:19:02	7638440	623828532674	us-ca	21%	1.726253 CFX	1.710717 CFX ()	
08.02.2021, 05:18:33	7638432	623828532674	eu-de	43%	1.990259 CFX	1.972347 CFX ()	
08.02.2021, 05:18:32	7638432	623828532674	eu-de	43%	1.995059 CFX	1.977104 CFX ()	
08.02.2021, 05:17:16	7638387	623828532674	us-ca	492%	1.996857 CFX	1.978886 CFX ()	
08.02.2021, 05:02:22	7637806	623828532674	us-ca	170%	1.990260 CFX	1.972348 CFX ()	
08.02.2021, 04:56:58	7637597	623828532674	eu-de	11%	1.998261 CFX	1.980277 CFX ()	
08.02.2021, 04:56:44	7637589	623828532674	us-ca	4.8%	1.983857 CFX	1.966003 CFX ()	
08.02.2021, 04:56:42	7637588	623828532674	us-ca	4.8%	1.975857 CFX	1.958074 CFX ()	
08.02.2021, 04:56:26	7637576	623828532674	us-ca	61%	1.983857 CFX	1.966003 CFX ()	
08.02.2021, 04:53:57	7637475	623828532674	us-ca	45%	1.971258 CFX	1.953516 CFX ()	
08.02.2021, 04:52:39	7637427	623828532674	us-ca	34%	1.995057 CFX	1.977102 CFX ()	
08.02.2021, 04:51:49	7637390	623828532674	us-ca	29%	1.980057 CFX	1.962237 CFX ()	
08.02.2021, 04:50:51	7637357	623828532674	us-ca	14%	1.980057 CFX	1.962237 CFX ()	
08.02.2021, 04:50:32	7637341	623828532674	eu-de	27%	1.995057 CFX	1.977102 CFX ()	
08.02.2021, 04:50:00	7637320	623828532674	us-ca	264%	1.990257 CFX	1.972345 CFX ()	
08.02.2021, 04:42:23	7637029	623828532674	eu-de	61%	1.980058 CFX	1.962238 CFX ()	
08.02.2021, 04:40:36	7636954	623828532674	eu-de	218%	1.987259 CFX	1.969373 CFX ()	
08.02.2021, 04:32:58	7636656	623828532674	eu-de	192%	1.992859 CFX	1.974923 CFX ()	
08.02.2021, 04:27:21	7636417	623828532674	us-ca	34%	1.990257 CFX	1.972345 CFX ()	
08.02.2021, 04:26:32	7636379	623828532674	us-ca	80%	1.987257 CFX	1.969372 CFX ()	
08.02.2021, 04:24:22	7636295	623828532674	eu-de	83%	1.995267 CFX	1.977310 CFX ()	